"start","end","survey_type","survey_id","survey_version","country","community","sex","boat_status","boat_power","boat_length","choice","package_nopackage","fishing_organization","punishment_severity","mpa","age","years_fishing","education","digits","gear_handline","gear_spear","gear_traps","gear_gillnet","gear_mobilenet","gear_statline","gear_buceo","gear_other","other_gear","fishtech_vhf","fishtech_fishfinder","fishtech_survcam","fishtech_catchapp","fishtech_gps","fishtech_vesseltrack","fishtech_other","fishtech_none","other_fishtech","enforcement_community_members","enforcement_village_leader","enforcement_village_gov","enforcement_provincial_gov","enforcement_national_gov","enforcement_none","enforcement_other","restriction_gear","restriction_size","restriction_season","restriction_spacial","restriction_quota","restriction_other","restriction_none","rank_one","rank_two","rank_three","rank_four","income_usd"
"2019-06-29 10:18:00","2019-07-02 04:29:42","data",1001,3,"IND","RAJ","M","own","no",7,1,"no_package","yes","strong","yes",19,1,"other",0,1,0,0,0,0,0,0,0,"0",0,0,0,0,0,0,0,1,NA,1,1,1,1,0,0,0,1,0,0,1,0,0,0,"trash_pollutin","iuu","weather","corruption",71
"2019-06-29 11:25:55","2019-07-02 04:27:37","data",1002,14,"IND","RAJ","M","own","no",9,2,"package_chosen","yes","weak","yes",41,25,"hs",0,1,0,0,0,0,0,0,0,"0",1,1,0,0,0,1,0,0,NA,1,1,1,0,0,0,0,0,1,0,1,1,0,0,"weather","iuu","corruption","trash_pollutin",71
"2019-06-29 11:47:45","2019-07-02 04:23:44","data",1003,10,"IND","RAJ","M","share_collective","no",9,2,"package_chosen","yes","strong","yes",68,55,"some_hs",0,1,0,0,0,0,0,0,0,"0",0,0,0,0,0,0,0,1,NA,0,1,0,0,0,0,0,1,0,1,0,1,0,0,"weather","iuu","trash_pollutin","trash_pollutin",106
"2019-06-29 12:00:41","2019-07-02 04:13:27","data",1004,5,"IND","RAJ","M","own","no",4,1,"package_chosen","yes","moderate","yes",56,15,"some_hs",0,1,1,0,0,0,0,0,0,"0",0,0,0,0,0,0,0,1,NA,1,1,1,0,0,0,0,1,0,1,0,0,0,0,"trash_pollutin","iuu","trash_pollutin","corruption",71
"2019-06-29 14:37:29","2019-07-02 04:08:45","data",1005,11,"IND","RAJ","M","own","no",5,1,"package_chosen","yes","strong","yes",59,30,"other",0,1,1,0,0,0,0,0,0,"0",0,0,0,0,0,0,0,1,NA,0,1,1,0,0,0,0,1,1,0,1,0,0,0,"weather","weather","trash_pollutin","corruption",143
"2019-06-29 14:56:28","2019-07-02 04:04:05","data",1006,1,"IND","RAJ","M","own","no",6,2,"no_package","yes","severe","yes",26,7,"hs",0,1,0,0,0,0,0,0,0,"0",0,0,0,0,0,0,0,1,NA,0,1,1,1,0,0,0,1,1,0,1,0,0,0,"iuu","weather","trash_pollutin","corruption",71
"2019-06-30 00:11:15","2019-07-02 04:00:21","data",1007,2,"IND","RAJ","M","share_collective","no",7,1,"package_chosen","yes","weak","no",23,11,"hs",0,1,0,0,0,0,0,0,0,"0",0,0,0,0,0,0,0,1,NA,1,1,1,1,1,0,0,1,0,0,0,0,0,0,"corruption","weather","iuu","trash_pollutin",78
"2019-07-01 15:46:47","2019-07-01 16:00:41","data",1008,11,"IND","RAJ","M","own","no",9,1,"no_package","yes","weak","yes",33,9,"no_formal other",0,1,1,0,0,0,0,0,0,"0",0,0,0,0,0,0,0,1,NA,1,0,0,1,0,0,0,1,1,1,1,0,0,0,"weather","trash_pollutin","iuu","corruption",213
"2019-06-30 06:05:54","2019-07-02 03:46:07","data",1009,6,"IND","RAJ","M","own","no",9,2,"package_chosen","no","weak","no",46,34,"hs",0,1,1,0,0,0,0,0,0,"0",0,0,0,0,0,0,0,1,NA,1,1,1,0,0,0,0,1,1,0,1,0,0,0,"weather","iuu","trash_pollutin","corruption",7
"2019-06-30 06:20:30","2019-07-02 03:38:27","data",1010,16,"IND","RAJ","M","own","no",9,2,"package_chosen","yes","strong","yes",42,30,"some_hs",0,1,0,1,0,0,0,0,0,"0",0,0,0,0,0,0,0,1,NA,0,0,1,1,1,0,0,0,1,0,1,0,0,0,"weather","iuu","trash_pollutin","corruption",568
"2019-06-30 05:21:47","2019-07-02 03:50:36","data",1011,4,"IND","RAJ","M","own","no",6,1,"no_package","yes","strong","no",37,5,"some_hs",0,1,0,0,0,0,0,0,0,"0",0,0,0,0,0,0,0,1,NA,1,1,1,1,0,0,0,1,1,0,1,0,0,0,"iuu","corruption","weather","trash_pollutin",284
"2019-06-29 07:35:53","2019-07-02 04:31:11","data",1012,10,"IND","RAJ","M","own","no",8,2,"package_chosen","yes","moderate","yes",52,30,"vocational",0,1,0,0,0,0,0,0,0,"0",0,0,0,0,0,0,0,1,NA,0,1,0,0,0,0,0,0,0,0,0,0,0,1,"weather","iuu","trash_pollutin","trash_pollutin",143
"2019-06-30 00:38:56","2019-07-02 03:53:56","data",1013,3,"IND","RAJ","M","rent","no",6,2,"package_chosen","yes","strong","yes",33,15,"hs",0,1,0,0,0,0,0,0,0,"0",0,0,0,0,0,0,0,1,NA,0,1,1,1,0,0,0,1,0,0,1,0,0,0,"iuu","corruption","trash_pollutin","weather",106
"2019-06-27 07:08:51","2019-07-02 04:33:33","data",1014,6,"IND","RAJ","M","own","no",4,2,"package_chosen","yes","none","yes",50,15,"vocational",0,1,0,0,0,0,0,0,0,"0",0,0,0,0,0,0,0,1,NA,0,0,0,0,0,1,0,0,0,0,0,0,0,1,"weather","trash_pollutin","iuu","corruption",143
"2019-06-29 07:03:46","2019-07-02 04:40:02","data",1015,7,"IND","RAJ","M","own","no",3,1,"package_chosen","yes","strong","yes",42,30,"hs",0,1,0,0,0,0,0,0,0,"0",0,0,0,0,0,0,0,1,NA,0,1,0,0,0,0,0,0,0,0,0,0,0,1,"trash_pollutin","iuu","weather","corruption",143
"2019-06-29 07:17:28","2019-07-02 04:32:12","data",1016,8,"IND","RAJ","M","rent","no",2,2,"package_chosen","yes","moderate","yes",37,16,"hs",0,1,0,0,0,0,0,0,0,"0",0,0,0,0,0,0,0,1,NA,0,1,0,0,0,0,0,0,0,0,0,0,0,1,"weather","trash_pollutin","iuu","corruption",143
"2019-06-29 07:27:49","2019-07-02 04:22:39","data",1017,9,"IND","RAJ","M","own","no",4,1,"package_chosen","yes","moderate","yes",40,15,"some_hs",0,1,0,0,0,0,0,0,0,"0",0,0,0,0,0,0,0,1,NA,0,1,0,0,0,0,0,0,0,0,0,0,0,1,"weather","iuu","weather","corruption",143
"2019-06-30 07:13:32","2019-07-02 03:37:54","data",1018,7,"IND","RAJ","M","own","no",9,1,"package_chosen","no","none","yes",40,28,"some_hs",0,1,0,0,0,0,0,0,1,"Speargun",0,0,0,0,0,0,0,1,NA,1,1,1,1,0,0,0,1,1,0,1,0,0,0,"corruption","trash_pollutin","iuu","weather",71
"2019-07-02 03:22:11","2019-07-02 03:30:02","data",2001,10,"IND","MNC","M","own","no",13,2,"no_package","yes","severe","no",54,3,"hs",0,0,0,0,0,0,0,0,1,"Traditional net",0,0,0,0,0,0,0,1,NA,1,0,0,0,0,0,0,0,0,0,0,0,0,1,"trash_pollutin","iuu","weather","corruption",71
"2019-07-01 16:00:41","2019-07-02 02:43:57","data",2002,7,"IND","MNC","M","own","yes",10,1,"no_package","yes","severe","no",40,24,"no_formal",0,0,0,0,0,0,0,0,1,"Traditional net",0,0,0,0,0,0,0,1,NA,1,0,0,0,0,0,0,0,0,0,0,0,1,0,"trash_pollutin","iuu","weather","corruption",710
"2019-07-02 02:43:57","2019-07-02 03:00:47","data",2003,8,"IND","MNC","M","own","no",10,2,"no_package","yes","severe","no",36,9,"some_hs",0,0,0,0,0,0,0,0,1,"Traditional net",0,0,0,0,0,0,0,1,NA,1,0,0,0,0,0,0,0,0,0,0,0,0,1,"trash_pollutin","iuu","weather","corruption",710
"2019-07-02 03:00:48","2019-07-02 03:22:10","data",2004,9,"IND","MNC","M","own","no",10,1,"no_package","yes","severe","no",40,30,"some_hs",0,0,0,0,0,0,0,0,1,"Traditional net",0,0,0,0,0,0,0,1,NA,1,0,0,0,0,0,0,0,0,0,0,0,0,1,"trash_pollutin","weather","iuu","corruption",710
"2019-07-01 07:53:49","2019-07-02 02:43:22","data",3001,4,"IND","MAK","M","own","yes",28,2,"package_chosen","yes","weak","yes",40,20,"some_hs",0,0,0,1,0,0,0,0,0,"0",0,0,0,0,0,0,0,1,NA,0,0,1,1,0,0,0,1,0,0,1,0,0,0,"trash_pollutin","weather","iuu","corruption",106
"2019-07-02 02:44:15","2019-07-02 02:53:42","data",3002,5,"IND","MAK","M","own","yes",8,1,"no_package","yes","weak","yes",50,30,"some_hs",0,0,0,1,0,0,0,0,0,"0",0,0,0,0,0,0,0,1,NA,0,0,0,1,1,0,0,1,0,0,1,0,0,0,"trash_pollutin","weather","corruption","iuu",142
"2019-07-02 02:44:31","2019-07-02 03:52:24","data",3003,10,"IND","MAK","M","share_employee","yes",8,1,"no_package","no","none","no",39,31,"some_hs",0,0,0,0,0,1,0,0,0,"Payang",0,0,0,0,0,0,0,1,NA,0,0,0,0,0,1,0,0,0,0,1,0,0,0,"weather","trash_pollutin","iuu","corruption",213
"2019-07-02 03:01:34","2019-07-02 03:10:41","data",3004,7,"IND","MAK","M","share_employee","no",7,2,"no_package","yes","weak","no",37,8,"some_hs",0,0,0,0,1,0,0,0,1,"jaring untuk ikan teri",0,0,0,0,0,0,0,1,NA,0,0,0,1,0,0,0,1,0,0,1,0,0,0,"weather","corruption","iuu","trash_pollutin",71
"2019-07-02 03:13:08","2019-07-02 03:27:56","data",3005,7,"IND","MAK","M","share_collective","yes",3,1,"package_chosen","no","weak","yes",30,15,"hs",0,0,0,0,0,1,0,0,0,"0",0,0,0,0,0,0,0,1,NA,0,0,0,1,0,0,0,1,0,0,1,0,0,0,"weather","iuu","corruption","trash_pollutin",178
"2019-07-02 03:27:26","2019-07-02 03:51:02","data",3006,11,"IND","MAK","M","share_employee","yes",7,2,"no_package","no","none","no",41,30,"some_hs",0,0,0,0,0,1,0,0,0,"Payang (jaring tarik)",0,0,0,0,0,0,0,1,NA,0,0,0,0,0,1,0,0,0,0,0,0,0,1,"weather","trash_pollutin","iuu","corruption",178
"2019-07-02 03:51:53","2019-07-02 03:59:47","data",3007,8,"IND","MAK","M","share_collective","no",3,2,"package_chosen","yes","weak","no",35,20,"some_hs",0,0,0,0,0,1,0,0,0,"0",0,0,0,0,0,0,0,1,NA,0,0,0,1,0,0,0,1,0,1,0,0,0,0,"weather","iuu","corruption","trash_pollutin",71
"2019-07-02 04:02:38","2019-07-02 04:16:01","data",3008,9,"IND","MAK","M","rent","yes",3,1,"package_chosen","yes","weak","no",45,30,"no_formal",0,0,0,1,0,0,0,0,0,"0",0,0,0,0,0,1,0,0,NA,0,0,0,0,1,0,0,1,0,0,0,0,0,0,"trash_pollutin","iuu","weather","corruption",178
"2019-07-02 04:06:02","2019-07-02 04:51:57","data",3009,13,"IND","MAK","M","share_employee","yes",15,2,"package_chosen","no","none","no",75,13,"no_formal",0,0,0,1,0,0,0,0,0,"0",0,1,0,0,0,1,1,0,"Solar panel",0,0,0,0,0,0,1,0,0,0,1,0,0,0,"corruption","weather","iuu","trash_pollutin",178
"2019-07-02 04:21:28","2019-07-02 04:32:48","data",3010,10,"IND","MAK","M","share_employee","yes",7,2,"package_chosen","yes","weak","yes",19,4,"some_hs",0,0,0,0,0,1,0,0,1,"payang",0,0,0,0,0,0,0,1,NA,0,0,0,0,1,0,0,1,0,0,1,0,0,0,"weather","corruption","trash_pollutin","iuu",71
"2019-07-02 04:49:38","2019-07-02 05:04:31","data",3011,10,"IND","MAK","M","share_collective","yes",3,2,"package_chosen","no","weak","yes",46,20,"hs",0,0,0,1,0,0,0,0,0,"jading ditebar",0,0,0,0,0,0,0,1,NA,0,0,0,1,0,0,0,1,0,0,1,0,0,0,"weather","trash_pollutin","iuu","corruption",142
"2019-07-02 05:19:16","2019-07-02 05:28:42","data",3012,11,"IND","MAK","M","share_employee","yes",3,1,"package_chosen","yes","weak","no",32,9,"some_hs",0,0,0,1,0,0,0,0,1,"jaring rajungan",0,0,0,0,0,0,0,1,NA,0,0,0,1,0,0,0,1,0,0,0,0,0,0,"weather","trash_pollutin","iuu","corruption",142
"2019-07-02 05:29:47","2019-07-02 05:49:55","data",3013,11,"IND","MAK","M","own","yes",8,1,"package_chosen","yes","weak","no",39,29,"some_hs",0,0,0,1,0,0,0,0,1,"jaring rajungan",0,0,0,0,0,0,0,1,NA,0,0,0,1,0,0,0,1,0,0,0,0,0,0,"iuu","weather","corruption","trash_pollutin",142
"2019-07-02 05:53:12","2019-07-02 06:24:18","data",3014,14,"IND","MAK","M","own","yes",16,2,"no_package","yes","moderate","no",60,50,"some_hs",0,0,0,0,0,1,0,0,0,"Purseine",0,0,0,0,0,0,0,1,"Hanya handphone yang dibawa nelayan",0,0,0,0,1,0,0,0,0,0,0,0,0,1,"weather","iuu","corruption","trash_pollutin",1420
"2019-07-02 06:39:45","2019-07-02 07:17:23","data",3015,14,"IND","MAK","M","own","no",5,2,"package_chosen","no","strong","no",47,30,"some_hs",0,0,0,0,1,0,0,0,0,"Rampus",0,0,0,0,0,0,0,1,NA,0,0,0,0,1,0,0,0,0,0,0,0,0,1,"trash_pollutin","weather","iuu","corruption",178
"2019-07-02 07:01:25","2019-07-02 07:16:17","data",3016,9,"IND","MAK","M","share_employee","no",5,1,"package_chosen","yes","none","no",42,32,"some_hs",0,0,0,0,1,0,0,0,0,"Jaring rampus pendek",0,0,0,0,0,0,0,1,NA,0,0,0,0,0,1,0,0,0,0,1,0,0,0,"trash_pollutin","weather","iuu","corruption",213
"2019-07-02 07:28:30","2019-07-02 07:38:14","data",3017,2,"IND","MAK","M","own","no",5,1,"package_chosen","no","none","no",42,30,"some_hs",0,0,0,0,1,0,0,0,1,"Jaring rampus",0,0,0,0,0,0,0,1,NA,0,0,0,0,0,1,0,0,0,0,0,0,0,1,"trash_pollutin","weather","iuu","corruption",178
"2019-07-02 07:39:08","2019-07-02 07:45:08","data",3018,3,"IND","MAK","M","share_employee","no",5,2,"package_chosen","no","none","no",40,25,"some_hs",0,0,0,0,1,0,0,0,0,"Jaring rampus",0,0,0,0,0,0,0,1,NA,0,0,0,0,1,0,0,0,0,0,0,0,0,1,"trash_pollutin","weather","iuu","corruption",178
"2019-07-03 02:19:51","2019-07-03 03:32:18","data",3019,12,"IND","MAK","M","share_employee","no",7,1,"package_chosen","no","none","no",39,25,"some_hs",0,0,0,1,0,0,0,0,0,"Bubu",0,0,0,0,0,0,0,1,NA,0,0,0,0,0,1,0,0,0,0,0,0,0,1,"weather","trash_pollutin","iuu","corruption",178
"2019-07-03 02:36:32","2019-07-03 03:33:53","data",3020,15,"IND","MAK","M","share_employee","yes",6,1,"package_chosen","yes","none","no",28,17,"some_hs",0,0,0,1,0,0,0,0,0,"0",0,0,0,0,0,0,1,0,"Kompas",0,0,0,0,0,1,0,0,0,0,0,0,0,1,"weather","trash_pollutin","iuu","corruption",142
"2019-07-03 02:55:19","2019-07-03 03:35:18","data",3021,13,"IND","MAK","M","share_employee","yes",6,2,"no_package","no","none","no",23,10,"some_hs",0,0,0,1,0,0,0,0,0,"0",0,0,0,0,0,0,0,1,NA,0,0,0,0,0,1,0,0,0,0,0,0,0,1,"weather","trash_pollutin","iuu","corruption",106
"2019-07-03 03:07:41","2019-07-03 03:30:37","data",3022,1,"IND","MAK","M","share_employee","yes",100,2,"package_chosen","no","moderate","no",59,10,"some_hs",0,0,0,0,0,1,0,0,0,"Purse seine",0,0,0,0,0,0,0,1,NA,0,0,0,1,1,0,0,0,0,0,0,0,0,1,"weather","iuu","trash_pollutin","corruption",178
"2019-07-03 03:36:12","2019-07-03 03:52:06","data",3023,16,"IND","MAK","M","share_employee","yes",20,2,"package_chosen","no","strong","no",40,5,"some_hs",0,0,0,0,0,1,0,0,0,"Purse seine",0,0,0,0,0,0,0,1,NA,1,0,0,1,1,0,0,0,0,0,0,0,0,1,"weather","iuu","trash_pollutin","corruption",142
"2019-07-03 03:56:28","2019-07-03 04:18:32","data",3024,12,"IND","MAK","M","share_employee","yes",15,1,"no_package","no","strong","no",40,25,"some_hs",0,0,0,0,0,1,0,0,0,"Purse seine",0,0,0,0,0,0,0,1,NA,1,0,1,1,1,0,0,1,0,0,1,0,0,0,"weather","trash_pollutin","iuu","corruption",213
"2019-07-03 04:19:49","2019-07-03 04:32:20","data",3025,15,"IND","MAK","M","share_employee","yes",15,1,"no_package","no","strong","no",48,1,"no_formal",0,0,0,0,0,1,0,0,0,"Purse seine",0,0,0,0,0,0,0,1,NA,1,0,0,1,1,0,0,0,0,0,0,0,0,1,"weather","iuu","trash_pollutin","corruption",178
"2019-07-03 04:35:52","2019-07-03 04:54:29","data",3026,15,"IND","MAK","M","share_employee","yes",7,1,"package_chosen","no","moderate","no",35,20,"some_hs",0,0,0,0,0,1,0,0,0,"Purse seine (jaring lingkar)",0,0,0,0,0,0,0,1,NA,0,0,0,1,1,0,0,1,0,0,0,0,0,0,"weather","trash_pollutin","iuu","corruption",142
"2019-07-03 04:55:42","2019-07-03 05:07:53","data",3027,12,"IND","MAK","M","share_employee","yes",7,1,"package_chosen","yes","strong","no",40,25,"some_hs",0,0,0,0,0,1,0,0,0,"Purse seine",1,1,0,0,0,1,0,0,NA,0,0,0,1,0,0,0,1,0,0,0,0,0,0,"weather","trash_pollutin","iuu","corruption",213
"2019-07-03 06:37:21","2019-07-03 06:48:43","data",3028,12,"IND","MAK","M","share_employee","yes",13,1,"no_package","no","strong","no",54,20,"some_hs",0,0,0,0,0,1,0,0,0,"Purse seine",0,0,0,0,0,0,0,1,NA,0,0,0,1,1,0,0,0,0,0,0,0,0,1,"weather","trash_pollutin","iuu","corruption",178
"2019-07-03 06:49:04","2019-07-03 07:17:17","data",3029,16,"IND","MAK","M","share_employee","yes",7,1,"package_chosen","yes","strong","no",35,22,"some_hs",0,0,0,1,0,0,0,0,0,"0",0,0,0,0,0,1,0,0,NA,0,0,0,0,1,0,0,0,0,0,0,0,0,1,"weather","iuu","trash_pollutin","corruption",213
"2019-07-03 07:22:38","2019-07-03 07:43:16","data",3030,1,"IND","MAK","M","share_employee","yes",7,2,"package_chosen","yes","strong","no",35,6,"some_hs",0,0,0,1,0,0,0,0,0,"0",0,0,0,0,0,1,1,0,"Kompas",0,0,0,1,1,0,0,1,0,0,0,0,0,0,"weather","iuu","trash_pollutin","corruption",426
"2019-07-03 07:44:53","2019-07-03 07:54:36","data",3031,13,"IND","MAK","M","share_employee","yes",8,2,"package_chosen","no","strong","no",29,4,"some_hs",0,0,0,1,0,0,0,0,0,"0",0,0,0,0,0,1,1,0,"Echosounder",0,0,0,1,1,0,0,1,0,0,0,0,0,0,"weather","iuu","trash_pollutin","corruption",142
"2019-07-03 08:00:26","2019-07-03 08:14:23","data",3032,12,"IND","MAK","M","share_employee","yes",8,1,"package_chosen","no","strong","no",37,20,"some_hs",0,0,0,1,0,0,0,0,0,"0",0,0,0,0,0,1,0,0,NA,0,0,0,1,1,0,0,1,0,0,0,0,0,0,"iuu","weather","trash_pollutin","corruption",568
"2019-07-04 03:23:16","2019-07-04 03:41:35","data",3033,1,"IND","MAK","M","own","yes",8,2,"package_chosen","no","strong","no",48,35,"some_hs",0,0,0,1,0,0,0,0,0,"0",0,0,0,0,0,1,0,0,NA,0,0,0,1,1,0,0,1,0,0,0,0,0,0,"iuu","weather","trash_pollutin","corruption",1420
"2019-07-04 03:42:07","2019-07-04 04:05:14","data",3034,2,"IND","MAK","M","own","yes",8,1,"no_package","yes","strong","no",39,25,"some_hs",0,0,0,0,0,0,0,0,1,"Jaring angkat",0,0,0,0,0,0,0,1,NA,0,0,0,1,1,0,0,0,0,0,0,0,0,1,"trash_pollutin","weather","iuu","corruption",213
"2019-07-04 04:06:40","2019-07-04 04:27:27","data",3035,3,"IND","MAK","M","own","yes",8,2,"no_package","no","none","no",32,22,"some_hs",0,0,0,0,0,0,0,0,1,"Jaring angkat",1,1,0,0,0,1,0,0,NA,0,0,0,1,1,0,0,0,0,0,0,0,0,1,"trash_pollutin","weather","iuu","corruption",213
"2019-07-04 04:46:14","2019-07-04 05:07:37","data",3036,3,"IND","MAK","M","own","yes",15,2,"package_chosen","yes","strong","no",39,22,"some_hs",0,0,0,1,0,0,0,0,0,"0",1,1,0,0,0,1,0,0,"Solar panel",0,0,0,1,1,0,0,1,0,0,0,0,0,0,"iuu","weather","trash_pollutin","corruption",1420
"2019-07-04 06:28:05","2019-07-04 06:35:22","data",3037,5,"IND","MAK","M","share_employee","yes",15,2,"package_chosen","no","strong","no",40,21,"some_hs",0,0,0,1,0,0,0,0,0,"Bubu",1,1,0,0,0,1,0,0,NA,0,0,0,1,1,0,0,1,0,0,0,0,0,0,"weather","iuu","trash_pollutin","corruption",568
"2019-07-04 06:37:54","2019-07-04 06:44:48","data",3038,6,"IND","MAK","M","own","yes",8,2,"no_package","no","none","no",35,20,"some_hs",0,0,0,0,0,1,0,0,1,"Jaring tarik",0,0,0,0,0,0,0,1,NA,0,0,0,1,1,0,0,0,0,0,0,0,0,1,"trash_pollutin","weather","iuu","corruption",142
"2019-07-04 06:45:43","2019-07-04 06:52:45","data",3039,7,"IND","MAK","M","share_employee","yes",15,1,"no_package","no","strong","no",40,25,"some_hs",0,0,0,0,0,1,0,0,0,"Purse seine",0,0,0,0,0,0,0,1,NA,0,0,0,1,1,0,0,0,0,0,0,0,0,1,"weather","trash_pollutin","iuu","corruption",142
"2019-07-04 07:12:10","2019-07-04 07:21:54","data",3040,8,"IND","MAK","M","own","yes",7,2,"no_package","no","strong","no",39,25,"some_hs",0,0,0,0,0,1,0,0,0,"Jaring tarik",0,0,0,0,0,0,0,1,NA,0,0,0,0,1,0,0,0,0,0,0,0,0,1,"weather","trash_pollutin","iuu","corruption",284
"2019-07-04 07:30:55","2019-07-04 07:43:09","data",3041,9,"IND","MAK","M","share_employee","yes",15,1,"package_chosen","yes","strong","no",40,25,"some_hs",0,0,0,0,0,1,0,0,0,"Purse seine",0,0,0,0,0,0,0,1,NA,0,0,0,1,1,0,0,1,0,0,0,0,0,0,"weather","trash_pollutin","iuu","corruption",178
"2019-07-04 07:44:49","2019-07-04 07:58:09","data",3042,10,"IND","MAK","M","own","yes",12,2,"package_chosen","yes","strong","no",33,20,"hs",0,0,0,0,0,1,0,0,1,"Purse seine",1,1,0,0,0,1,0,0,NA,0,0,0,1,1,0,0,1,0,0,0,0,0,0,"weather","trash_pollutin","iuu","corruption",213
"2019-07-04 07:58:42","2019-07-04 08:14:28","data",3043,11,"IND","MAK","M","share_employee","yes",15,1,"package_chosen","no","strong","no",38,25,"some_hs",0,0,0,0,0,1,0,0,0,"Purse seine",0,0,0,0,0,0,0,1,NA,0,0,0,1,1,0,0,1,0,0,0,0,0,0,"weather","trash_pollutin","iuu","corruption",142
"2019-07-04 08:15:24","2019-07-05 03:20:51","data",3044,12,"IND","MAK","M","share_employee","yes",12,1,"package_chosen","no","strong","no",38,20,"some_hs",0,0,0,0,0,1,0,0,0,"Purse seine",0,0,0,0,0,0,0,1,NA,0,0,0,1,1,0,0,1,0,0,0,0,0,0,"weather","trash_pollutin","iuu","corruption",142
"2019-07-04 08:59:44","2019-07-05 03:21:00","data",3045,13,"IND","MAK","M","share_employee","yes",8,2,"package_chosen","no","strong","no",40,20,"some_hs",0,0,0,1,0,0,0,0,0,"0",0,0,0,0,0,0,1,0,"Kompas",0,0,0,1,1,0,0,1,0,0,0,0,0,0,"weather","trash_pollutin","iuu","corruption",142
"2019-07-04 09:20:11","2019-07-05 05:55:33","data",3046,14,"IND","MAK","M","own","yes",8,2,"no_package","no","none","no",39,12,"some_hs",0,0,0,0,0,0,0,0,1,"Jaring angkat",0,0,0,0,0,0,0,1,NA,0,0,0,1,1,0,0,0,0,0,0,0,0,1,"weather","trash_pollutin","iuu","corruption",142
"2019-07-05 03:09:44","2019-07-05 03:28:10","data",3047,4,"IND","MAK","M","share_employee","yes",7,2,"no_package","yes","weak","yes",43,20,"some_hs",0,0,0,0,1,0,0,0,0,"0",0,0,0,0,0,0,0,1,NA,0,0,0,1,0,0,0,1,0,0,1,0,0,0,"weather","trash_pollutin","iuu","corruption",71
"2019-07-05 03:30:32","2019-07-05 03:41:17","data",3048,6,"IND","MAK","M","share_employee","yes",9,2,"package_chosen","no","weak","no",29,10,"some_hs",0,0,0,0,1,0,0,0,0,"0",0,0,0,0,0,0,0,1,NA,0,0,0,0,0,0,1,1,0,0,0,0,0,0,"weather","iuu","corruption","trash_pollutin",106
"2019-07-05 03:36:41","2019-07-05 03:49:42","data",3049,4,"IND","MAK","M","share_employee","yes",6,1,"package_chosen","no","none","no",55,40,"some_hs",0,0,0,0,0,0,0,0,1,"Jaring angkat",0,0,0,0,0,0,0,1,NA,0,0,0,1,1,0,0,0,0,0,0,0,0,1,"weather","trash_pollutin","iuu","corruption",142
"2019-07-05 03:50:07","2019-07-05 03:57:14","data",3050,14,"IND","MAK","M","share_employee","yes",7,2,"package_chosen","yes","weak","no",41,20,"some_hs",0,0,0,0,1,0,0,0,0,"0",0,0,0,0,0,0,0,1,NA,0,0,0,0,1,0,0,0,0,0,0,0,0,1,"weather","corruption","trash_pollutin","corruption",142
"2019-07-05 03:54:35","2019-07-05 04:25:06","data",3051,4,"IND","MAK","M","share_employee","yes",7,1,"no_package","yes","none","no",65,50,"some_hs",0,0,0,0,1,0,0,0,0,"Jaring udang",0,0,0,0,0,0,0,1,NA,0,0,0,0,1,0,0,0,0,0,0,0,0,1,"weather","trash_pollutin","iuu","corruption",106
"2019-07-05 03:59:12","2019-07-05 04:10:01","data",3052,8,"IND","MAK","M","share_employee","yes",9,2,"package_chosen","no","weak","yes",30,15,"some_hs",0,0,0,0,1,0,0,0,0,"0",0,0,0,0,0,0,0,1,NA,0,0,0,0,0,1,0,0,0,0,1,0,0,0,"trash_pollutin","weather","iuu","corruption",50
"2019-07-05 04:07:22","2019-07-05 04:25:37","data",3053,6,"IND","MAK","M","share_employee","yes",7,2,"package_chosen","yes","none","no",25,10,"some_hs",0,0,0,0,1,0,0,0,0,"Jaring udang",0,0,0,0,0,0,0,1,NA,0,0,0,0,1,0,0,0,0,0,0,0,0,1,"weather","trash_pollutin","iuu","corruption",106
"2019-07-05 04:17:58","2019-07-05 04:26:02","data",3054,2,"IND","MAK","M","share_employee","yes",7,1,"package_chosen","no","none","no",20,5,"some_hs",0,0,0,0,1,0,0,0,0,"Jaring udang",0,0,0,0,0,0,0,1,NA,0,0,0,1,1,0,0,0,0,0,0,0,0,1,"weather","trash_pollutin","iuu","corruption",106
"2019-07-05 04:18:45","2019-07-05 04:30:59","data",3055,5,"IND","MAK","M","own","yes",11,2,"no_package","no","weak","yes",45,20,"hs",0,0,0,0,1,0,0,0,0,"0",0,0,0,0,0,0,0,1,NA,0,0,0,1,0,0,0,1,0,0,1,0,0,0,"weather","trash_pollutin","iuu","corruption",426
"2019-07-05 04:28:29","2019-07-05 04:35:53","data",3056,15,"IND","MAK","M","share_employee","yes",7,1,"package_chosen","no","none","no",36,25,"some_hs",0,0,0,0,1,0,0,0,1,"Jaring udang",0,0,0,0,0,0,0,1,NA,0,0,0,0,1,0,0,0,0,0,0,0,0,1,"weather","trash_pollutin","iuu","corruption",106
"2019-07-05 05:43:47","2019-07-05 05:51:58","data",3057,16,"IND","MAK","M","share_employee","yes",10,2,"package_chosen","no","weak","no",45,25,"some_hs",0,0,0,0,1,0,0,0,0,"0",0,0,0,0,0,0,0,1,NA,0,0,0,1,0,0,0,1,0,0,0,0,0,0,"weather","trash_pollutin","iuu","corruption",178
"2019-07-05 05:59:05","2019-07-05 06:06:56","data",3058,16,"IND","MAK","M","share_employee","yes",12,1,"package_chosen","no","strong","no",38,25,"some_hs",0,0,0,0,0,1,0,0,0,"Purse seine",0,0,0,0,0,0,0,1,NA,0,0,0,1,1,0,0,1,0,0,0,0,0,0,"weather","trash_pollutin","iuu","corruption",178
"2019-07-05 05:53:02","2019-07-05 06:10:27","data",3059,12,"IND","MAK","M","own","yes",8,2,"no_package","no","weak","no",64,50,"no_formal",0,0,0,1,0,0,0,0,0,"0",0,0,0,0,0,0,0,1,NA,0,0,0,1,1,0,0,0,0,0,0,0,0,1,"trash_pollutin","trash_pollutin","iuu","corruption",142
"2019-07-10 04:06:52","2019-07-10 07:35:42","data",4001,1,"IND","MNC","M","own","yes",17,2,"no_package","no","none","no",47,38,"edu_primary",0,0,0,0,0,1,0,0,0,"0",1,0,0,0,0,0,0,0,"Radio contact",0,0,0,0,0,0,1,1,1,0,0,0,0,0,"weather","trash_pollutin","corruption","iuu",355
"2019-07-10 06:44:54","2019-07-10 07:34:21","data",4002,2,"IND","MNC","M","share_employee","yes",17,1,"package_chosen","no","none","no",35,20,"edu_primary",0,0,0,0,0,1,0,0,0,"Purse seine",1,0,0,0,0,0,0,0,NA,0,0,0,1,0,0,0,1,1,0,0,0,0,0,"weather","trash_pollutin","corruption","iuu",142
"2019-07-10 07:14:26","2019-07-10 07:33:02","data",4003,3,"IND","MNC","M","own","yes",15,2,"package_chosen","yes","strong","yes",36,10,"edu_secondary",0,0,0,0,0,1,0,0,0,"Purse seine",1,0,0,0,0,0,0,0,NA,0,0,0,0,1,0,0,1,1,0,0,0,0,0,"weather","trash_pollutin","corruption","iuu",568
"2019-07-10 07:42:43","2019-07-10 07:54:35","data",4004,4,"IND","MNC","M","own","yes",17,1,"package_chosen","no","none","yes",27,7,"edu_secondary",0,0,0,0,0,1,0,0,0,"0",1,0,0,0,0,0,0,0,NA,0,0,0,0,0,1,0,1,0,0,0,0,0,0,"weather","trash_pollutin","iuu","corruption",142
"2019-07-10 07:55:12","2019-07-10 08:39:38","data",4005,5,"IND","MNC","M","share_employee","yes",17,2,"package_chosen","no","strong","yes",36,11,"edu_secondary",0,0,0,0,0,1,0,0,0,"Purse seine",1,0,0,0,0,0,0,0,NA,0,0,0,0,1,0,0,1,0,0,0,0,0,0,"weather","trash_pollutin","iuu","corruption",213
"2019-07-10 08:09:37","2019-07-10 08:18:41","data",4006,6,"IND","MNC","M","share_employee","yes",17,2,"package_chosen","no","strong","yes",40,12,"edu_secondary",0,0,0,0,0,1,0,0,0,"Purse seine",1,0,0,0,0,0,0,0,NA,0,0,0,0,1,0,0,1,0,0,0,0,0,0,"weather","trash_pollutin","iuu","corruption",178
"2019-07-10 08:18:50","2019-07-10 08:28:01","data",4007,7,"IND","MNC","M","share_employee","yes",17,1,"package_chosen","no","strong","yes",35,20,"edu_secondary",0,0,0,0,0,1,0,0,0,"Purse seine",1,0,0,0,0,0,0,0,NA,0,0,0,0,1,0,0,1,0,0,0,0,0,0,"weather","trash_pollutin","iuu","corruption",142
"2019-07-10 08:28:59","2019-07-10 08:37:34","data",4008,8,"IND","MNC","M","share_employee","yes",17,2,"package_chosen","no","strong","yes",17,2,"edu_secondary",0,0,0,0,0,1,0,0,0,"Purse seine",1,0,0,0,0,0,0,0,NA,0,0,0,0,1,0,0,1,0,0,0,0,0,0,"weather","trash_pollutin","iuu","corruption",142
"2019-07-10 08:42:07","2019-07-10 08:58:41","data",4009,9,"IND","MNC","M","share_employee","yes",17,1,"package_chosen","yes","strong","yes",45,35,"edu_primary",0,0,0,0,0,1,0,0,0,"Purse seine",1,0,0,0,0,0,0,0,NA,0,0,0,0,1,0,0,1,0,0,0,0,0,0,"weather","trash_pollutin","iuu","corruption",213
"2019-07-10 08:58:57","2019-07-10 09:12:33","data",4010,10,"IND","MNC","M","own","yes",17,2,"package_chosen","no","strong","yes",37,15,"edu_secondary",0,0,0,0,0,1,0,0,0,"Purse seine",1,0,0,0,0,0,0,0,NA,0,0,0,0,1,0,0,1,1,0,1,0,0,0,"weather","trash_pollutin","iuu","corruption",426
"2019-07-11 03:06:39","2019-07-11 04:21:32","data",4011,11,"IND","MNC","M","share_employee","yes",17,1,"package_chosen","no","strong","yes",50,35,"edu_primary",0,0,0,0,1,0,0,0,0,"Gillnet",0,0,0,0,1,0,1,0,"GPS Garmin 10",0,0,0,0,1,0,0,1,0,0,1,0,0,0,"weather","trash_pollutin","iuu","corruption",178
"2019-07-11 03:26:40","2019-07-11 04:22:22","data",4012,12,"IND","MNC","M","own","yes",17,1,"package_chosen","no","strong","no",27,8,"edu_vocational",0,0,0,0,1,0,0,0,1,"Gillnet",0,0,0,0,1,0,1,0,"GPS garmin 10",0,0,0,0,1,0,0,1,0,0,0,0,0,0,"weather","trash_pollutin","iuu","corruption",355
"2019-07-11 03:45:20","2019-07-11 04:23:00","data",4013,13,"IND","MNC","M","share_employee","yes",17,2,"package_chosen","no","strong","no",46,35,"edu_primary",0,0,0,0,1,0,0,0,0,"Gillnet",0,0,0,0,1,0,0,0,"GPS garmin 10",0,0,0,1,1,0,0,1,0,0,0,0,0,0,"weather","iuu","trash_pollutin","corruption",142
"2019-07-11 03:58:25","2019-07-11 04:25:28","data",4014,14,"IND","MNC","M","own","yes",20,2,"package_chosen","no","strong","no",30,10,"edu_vocational",0,0,0,0,1,0,0,0,1,"Gillnet",0,0,0,0,1,0,0,0,"GPS garmin 10",0,0,0,1,1,0,0,1,0,0,0,0,0,0,"weather","iuu","trash_pollutin","corruption",355
"2019-07-11 04:05:53","2019-07-11 04:26:48","data",4015,15,"IND","MNC","M","own","yes",16,1,"package_chosen","no","strong","no",30,11,"edu_vocational",0,0,0,0,1,0,0,0,0,"Gillnet",0,0,0,0,1,0,1,0,"GPS garmin 1p",0,0,0,1,1,0,0,1,0,0,0,0,0,0,"weather","iuu","trash_pollutin","corruption",320
"2019-07-11 04:12:26","2019-07-11 04:28:28","data",4016,16,"IND","MNC","M","own","yes",16,1,"package_chosen","no","strong","no",36,20,"edu_vocational",0,0,0,0,1,0,0,0,0,"Gillnet",0,0,0,0,1,0,1,0,"GPS garmin 10",0,0,0,1,1,0,0,1,0,0,0,0,0,0,"corruption","weather","iuu","trash_pollutin",320
"2019-07-11 04:45:40","2019-07-11 05:00:35","data",4017,1,"IND","MNC","M","own","yes",11,2,"package_chosen","no","weak","no",37,10,"edu_primary",0,1,0,0,0,0,0,0,0,"0",0,0,0,0,0,0,0,1,NA,0,0,0,0,1,0,0,1,0,0,0,0,0,0,"weather","iuu","trash_pollutin","corruption",106
"2019-07-11 05:01:20","2019-07-11 05:24:09","data",4018,2,"IND","MNC","M","share_employee","yes",6,1,"no_package","no","none","no",55,40,"edu_primary",0,0,0,0,0,0,0,0,1,"Jaring angkat",0,0,0,0,0,0,0,1,NA,0,0,0,1,1,0,0,0,0,0,0,0,0,1,"weather","trash_pollutin","iuu","corruption",71
"2019-07-11 05:36:02","2019-07-11 05:50:47","data",4019,3,"IND","MNC","M","own","yes",6,2,"package_chosen","no","moderate","no",50,35,"edu_secondary",0,1,0,0,0,0,0,0,0,"0",1,0,0,0,0,0,0,0,NA,0,0,0,0,1,0,0,1,0,0,0,0,0,0,"weather","trash_pollutin","iuu","corruption",106
"2019-07-11 05:53:08","2019-07-11 06:04:25","data",4020,5,"IND","MNC","M","own","yes",6,2,"package_chosen","no","moderate","no",45,30,"edu_primary",0,1,0,0,0,0,0,0,0,"0",1,0,0,0,0,0,0,0,NA,0,0,0,0,1,0,0,1,0,0,0,0,0,0,"weather","trash_pollutin","iuu","corruption",106
"2019-07-11 06:04:38","2019-07-11 06:12:37","data",4021,6,"IND","MNC","M","own","yes",6,1,"package_chosen","no","none","no",40,20,"edu_primary",0,1,0,0,0,0,0,0,0,"0",1,0,0,0,0,0,0,0,NA,0,0,0,0,1,0,0,1,0,0,0,0,0,0,"weather","trash_pollutin","iuu","corruption",142
"2019-07-11 06:13:08","2019-07-11 06:18:39","data",4022,13,"IND","MNC","M","own","yes",6,2,"package_chosen","no","weak","no",41,25,"edu_primary",0,1,0,0,0,0,0,0,0,"0",1,0,0,0,0,0,0,0,NA,0,0,0,0,1,0,0,1,0,0,0,0,0,0,"weather","trash_pollutin","iuu","corruption",106
"2019-07-11 07:17:36","2019-07-11 07:25:26","data",4023,15,"IND","MNC","M","share_employee","yes",6,1,"package_chosen","no","weak","no",42,22,"edu_primary",0,1,0,0,0,0,0,0,0,"0",1,0,0,0,0,0,0,0,NA,0,0,0,1,1,0,0,1,0,0,0,0,0,0,"weather","trash_pollutin","iuu","corruption",106
"2019-08-30 16:23:13","2019-08-30 20:59:40","data",5001,7,"MEX","PSC","M","own","yes",8,1,"package_chosen","yes","weak","no",53,30,"other_edu",0,0,0,0,1,1,0,0,0,"0",1,1,0,1,0,1,1,0,"Sos",0,0,0,0,1,0,0,1,0,1,0,0,0,0,"corruption","iuu","weather","trash_pollutin",5200
"2019-08-31 01:29:13","2019-08-31 14:11:04","data",5002,6,"MEX","PSC","M","own","yes",7,2,"package_chosen","yes","moderate","no",59,42,"edu_primary",0,0,0,0,1,0,0,0,0,"0",1,1,0,0,1,0,0,0,"Compas. Boton de emergency",0,0,0,0,1,0,0,1,0,0,0,0,0,0,"iuu","trash_pollutin","corruption","weather",7800
"2019-09-02 22:10:15","2019-09-02 22:53:59","data",5003,8,"MEX","PSC","M","own","yes",8,1,"package_chosen","yes","moderate","no",33,15,"edu_uni",0,1,0,0,1,1,1,0,0,"0",1,1,0,0,1,1,1,0,"Zanahoria. Tracker jj cota ieto",0,0,0,0,1,0,0,1,0,1,0,0,0,0,"iuu","corruption","trash_pollutin","weather",2080
"2019-08-31 14:53:07","2019-08-31 16:49:32","data",5004,5,"MEX","PSC","M","own","yes",8,2,"package_chosen","yes","moderate","no",57,32,"edu_primary",0,1,0,0,1,1,0,1,1,"Buceo",1,1,0,0,0,1,0,1,"SOS.  Zanahoria",0,0,0,0,1,0,0,1,1,0,0,0,0,0,"corruption","iuu","trash_pollutin","weather",1300
"2019-08-31 17:02:11","2019-08-31 19:57:21","data",5005,8,"MEX","PSC","M","own","yes",7,2,"package_chosen","yes","moderate","no",39,28,"edu_primary",0,0,0,1,1,0,0,0,0,"0",1,1,0,0,1,1,1,0,"Zanahoria",1,0,0,0,0,0,0,1,1,1,0,0,0,0,"corruption","iuu","trash_pollutin","weather",780
"2019-08-31 20:03:51","2019-08-31 21:59:31","data",5006,9,"MEX","PSC","M","own","yes",8,1,"package_chosen","yes","none","no",58,45,"other_edu",0,1,0,1,1,1,1,0,0,"0",1,1,0,0,1,1,0,0,"Zanahoria",1,0,0,0,1,0,0,1,1,1,0,0,0,0,"iuu","corruption","weather","trash_pollutin",468
"2019-09-01 18:21:28","2019-09-01 19:17:39","data",5007,4,"MEX","PSC","M","own","yes",7,1,"package_chosen","yes","moderate","no",65,58,"edu_primary",0,1,0,1,1,1,1,0,1,"Suripera",1,1,0,0,1,1,1,0,"Zanahoria",0,0,0,0,1,0,1,1,1,1,0,0,0,0,"corruption","iuu","weather","trash_pollutin",5980
"2019-09-01 19:50:21","2019-09-01 20:27:00","data",5008,2,"MEX","PSC","M","own","yes",8,1,"package_chosen","yes","none","no",64,52,"edu_primary",0,1,0,1,0,0,1,0,0,"0",1,1,0,0,1,1,1,0,"Zanahoria",0,0,0,0,1,0,0,1,0,1,0,0,0,0,"iuu","trash_pollutin","weather","corruption",416
"2019-09-01 22:56:11","2019-09-01 23:38:54","data",5009,16,"MEX","PSC","M","share_collective","yes",8,2,"package_chosen","yes","weak","no",42,22,"edu_uni",0,1,0,1,1,1,0,0,0,"0",1,1,0,0,1,1,1,0,"Zanahoria en desuso",0,0,0,0,1,0,0,1,1,0,0,0,1,0,"iuu","corruption","trash_pollutin","weather",1300
"2019-09-02 17:02:31","2019-09-02 18:18:12","data",5010,11,"MEX","PSC","M","own","yes",8,1,"package_chosen","yes","none","no",42,30,"edu_primary",0,1,0,0,1,1,1,0,0,"0",1,1,0,0,1,1,1,0,"Zanahoris",0,0,0,0,1,0,0,1,1,1,0,0,0,0,"corruption","iuu","trash_pollutin","weather",1560
"2019-09-02 18:41:37","2019-09-02 19:30:14","data",5011,15,"MEX","PSC","M","own","yes",8,1,"package_chosen","yes","weak","no",47,26,"edu_secondary",0,0,0,0,1,0,0,1,1,"Buceo",1,1,0,0,1,1,1,0,"Apps de clima. Zanahoria ya no sirve, caduc<f3>.",0,0,0,0,1,0,0,1,0,1,0,0,0,0,"iuu","corruption","trash_pollutin","weather",832
"2019-09-02 19:38:41","2019-09-02 21:21:25","data",5012,13,"MEX","PSC","M","share_collective","yes",8,1,"package_chosen","yes","moderate","no",52,15,"edu_primary",0,0,0,0,1,1,0,0,0,"0",1,1,0,0,1,1,1,0,"Zanahoria",0,0,0,0,1,0,0,1,0,1,0,0,0,0,"iuu","weather","corruption","trash_pollutin",416
"2019-09-05 01:38:20","2019-09-05 01:52:10","data",5013,14,"MEX","PSC","M","share_employee","yes",8,2,"package_chosen","yes","moderate","no",26,10,"edu_secondary",0,1,0,0,1,0,0,0,0,"0",1,0,0,0,1,1,1,0,"Zanagoria no puesta",1,0,0,0,1,0,0,1,0,1,0,0,0,0,"corruption","trash_pollutin","weather","iuu",312
"2019-09-05 00:52:57","2019-09-05 01:14:26","data",5014,2,"MEX","PSC","M","share_employee","yes",7,1,"package_chosen","yes","weak","no",30,15,"edu_uni",0,1,0,1,1,1,0,0,0,"0",1,1,0,0,1,1,1,0,"Zanahoria e-tracker. Solo cuando 20 millas al menos",1,0,0,0,1,0,0,1,0,1,0,0,0,0,"iuu","corruption","trash_pollutin","weather",390
"2019-09-05 00:28:17","2019-09-05 00:47:50","data",5015,10,"MEX","PSC","M","own","yes",7,2,"package_chosen","yes","weak","no",48,35,"edu_secondary",0,1,0,1,1,1,1,0,0,"0",1,1,0,0,1,1,1,0,"Zanahoria",0,0,0,0,1,0,0,1,0,1,0,0,0,0,"trash_pollutin","corruption","iuu","weather",520
"2019-09-04 23:55:53","2019-09-05 00:25:26","data",5016,3,"MEX","PSC","M","own","yes",7,1,"package_chosen","no","weak","no",34,16,"other_edu",0,0,0,0,0,0,0,1,1,"Buceo con java",1,0,0,0,1,1,1,0,"Traker anteriormente. Zanahoria se descarga mucho.",0,0,0,0,1,0,0,0,1,1,0,0,1,0,"corruption","iuu","weather","trash_pollutin",2340
"2019-09-04 22:51:31","2019-09-04 23:16:00","data",5017,6,"MEX","PSC","M","share_collective","yes",7,2,"package_chosen","yes","weak","no",41,30,"edu_secondary",0,0,0,0,1,1,0,0,0,"0",1,1,0,0,1,1,1,0,"Zanahoria",0,0,0,0,1,0,0,1,0,1,0,0,0,0,"trash_pollutin","corruption","iuu","weather",1560
"2019-09-03 20:58:58","2019-09-03 21:33:49","data",5018,7,"MEX","PSC","M","share_collective","yes",8,1,"package_chosen","yes","moderate","no",50,25,"edu_secondary",0,0,0,0,0,1,0,0,1,"Red Magdalena 1 chango",1,1,0,0,1,1,1,0,"Zanahoria",0,0,0,0,1,0,0,1,0,1,0,0,0,0,"corruption","trash_pollutin","iuu","weather",520
"2019-09-03 22:35:00","2019-09-03 23:06:36","data",5019,2,"MEX","PSC","M","share_collective","yes",8,1,"package_chosen","yes","moderate","no",41,20,"edu_secondary",0,0,0,0,0,1,0,1,1,"Buceo",1,1,0,0,1,1,1,0,"Zanahoria no en uso",1,0,0,0,1,0,0,1,0,1,0,0,0,0,"corruption","trash_pollutin","iuu","weather",520
"2019-09-03 23:44:51","2019-09-04 00:08:42","data",5020,16,"MEX","PSC","M","share_collective","yes",7,2,"no_package","yes","moderate","no",47,20,"other_edu",0,1,0,0,1,1,0,0,0,"0",1,0,0,0,1,1,1,0,"Zanahoria",0,0,0,0,1,0,1,1,0,1,0,0,0,0,"trash_pollutin","iuu","corruption","weather",780
"2019-09-04 00:16:06","2019-09-04 00:34:44","data",5021,14,"MEX","PSC","M","share_employee","yes",8,2,"package_chosen","yes","weak","no",19,5,"other_edu",0,1,0,1,0,1,0,0,0,"0",1,1,0,0,1,0,0,0,NA,0,0,0,0,1,0,0,1,0,1,0,0,0,0,"trash_pollutin","iuu","corruption","weather",624
"2019-09-03 23:06:59","2019-09-03 23:39:33","data",5023,3,"MEX","PSC","M","own","yes",8,2,"package_chosen","yes","moderate","no",48,30,"edu_secondary",0,1,0,1,1,1,0,0,0,"0",1,1,0,0,1,0,1,0,"Zaahoria no funciona",1,0,0,0,1,0,0,1,0,1,0,0,0,0,"corruption","iuu","trash_pollutin","weather",416
"2019-09-02 15:17:51","2019-09-02 15:51:39","data",5024,14,"MEX","PSC","M","own","yes",8,1,"no_package","yes","none","no",43,25,"other_edu",0,1,0,0,1,0,0,0,0,"0",1,1,0,0,1,1,1,0,"Zanahoria la pude a companero",1,0,0,0,1,0,0,1,0,1,0,0,0,0,"corruption","iuu","trash_pollutin","weather",364
"2019-09-04 00:34:48","2019-09-04 00:54:16","data",5025,13,"MEX","PSC","M","share_employee","yes",7,2,"package_chosen","yes","moderate","no",27,15,"edu_uni",0,1,0,0,1,1,1,0,0,"0",1,1,0,0,1,1,1,0,"Zanahoria",0,0,0,0,1,0,0,1,0,1,0,0,0,0,"corruption","iuu","trash_pollutin","weather",364
"2019-09-04 17:31:42","2019-09-04 18:38:24","data",5026,1,"MEX","PSC","M","own","yes",9,2,"package_chosen","yes","moderate","no",60,45,"edu_primary",0,1,0,1,0,1,0,0,0,"0",1,1,0,0,1,1,1,0,"Zanahoria",1,0,0,0,1,0,0,1,0,1,0,0,0,0,"trash_pollutin","corruption","iuu","weather",1560
"2019-09-04 19:30:01","2019-09-04 19:51:35","data",5027,4,"MEX","PSC","M","own","yes",7,1,"package_chosen","yes","moderate","yes",30,15,"edu_uni",0,1,0,1,0,1,0,0,0,"0",0,1,0,0,1,1,1,0,"Zanahoria. No usa pq no necesita en orilla",0,0,0,0,1,0,0,1,0,1,0,0,0,0,"iuu","corruption","trash_pollutin","weather",416
"2019-09-04 20:58:06","2019-09-04 21:20:13","data",5028,5,"MEX","PSC","M","own","yes",8,2,"package_chosen","yes","moderate","no",43,27,"edu_primary",0,0,0,1,0,1,0,0,0,"0",1,1,0,0,1,1,1,0,"Zanahoria. No usa por estorbo",1,0,0,0,1,0,0,1,0,1,0,0,0,0,"trash_pollutin","corruption","iuu","weather",780
"2019-09-04 21:31:51","2019-09-04 21:50:10","data",5029,9,"MEX","PSC","M","own","yes",8,1,"package_chosen","no","weak","no",21,6,"edu_secondary",0,1,0,0,1,1,1,0,0,"0",1,1,0,0,1,1,1,0,"Zanahoria",1,0,0,0,1,0,0,1,0,1,0,0,0,0,"corruption","iuu","weather","trash_pollutin",1040
"2019-09-04 22:00:24","2019-09-04 22:47:31","data",5030,11,"MEX","PSC","M","own","yes",8,1,"package_chosen","yes","none","no",50,30,"edu_primary",0,1,0,1,1,1,0,0,0,"0",1,1,0,0,1,1,1,0,"Zanahoria. Dejo de cargar",0,0,0,0,1,0,0,1,0,1,0,0,0,0,"trash_pollutin","iuu","corruption","weather",416
"2019-09-04 18:46:16","2019-09-04 19:29:09","data",5031,15,"MEX","PSC","M","own","no",7,1,"package_chosen","yes","moderate","no",63,20,"edu_no_formal",0,0,0,1,0,0,0,0,0,"0",0,1,0,0,1,1,1,0,"Zanahoria",0,0,0,0,1,0,0,1,1,0,0,0,0,0,"corruption","trash_pollutin","iuu","weather",312
"2019-09-05 16:13:47","2019-09-05 16:36:07","data",5032,12,"MEX","PSC","M","share_employee","yes",10,1,"no_package","yes","moderate","no",22,10,"edu_secondary",0,0,0,0,0,1,0,1,1,"Buceo",1,1,0,0,1,0,1,0,"Luces",1,0,0,0,1,0,0,1,0,1,0,0,0,0,"weather","trash_pollutin","iuu","corruption",780
"2019-09-05 18:47:18","2019-09-05 19:16:34","data",5033,12,"MEX","PSC","M","own","yes",6,1,"package_chosen","no","weak","no",45,35,"edu_primary",0,1,0,0,1,1,0,0,0,"0",0,0,0,0,1,1,1,0,"Zanahoria",0,0,0,0,1,0,0,1,0,1,0,0,0,0,"trash_pollutin","corruption","iuu","weather",624
"2019-09-05 19:20:10","2019-09-05 19:57:43","data",5034,8,"MEX","PSC","F","own","yes",8,2,"package_chosen","yes","moderate","no",63,42,"edu_primary",0,0,0,0,1,0,0,0,1,"Chinchorro",0,0,0,0,1,0,0,0,NA,0,0,0,0,1,0,0,1,0,1,0,0,0,0,"corruption","trash_pollutin","iuu","weather",520
"2019-09-05 19:57:46","2019-09-05 20:22:19","data",5035,1,"MEX","PSC","M","own","yes",8,2,"package_chosen","yes","strong","no",44,23,"edu_secondary",0,1,0,1,1,1,1,0,0,"0",1,1,0,0,1,1,1,0,"Zanahoria no la usa",0,0,0,0,1,0,0,1,0,1,0,0,0,0,"iuu","weather","trash_pollutin","corruption",1404
"2019-09-05 20:23:25","2019-09-05 22:38:07","data",5036,6,"MEX","PSC","M","own","yes",7,2,"no_package","no","moderate","no",31,15,"edu_secondary",0,1,1,1,1,1,1,1,1,"Buceo",0,0,0,0,1,0,0,0,NA,0,0,0,0,1,0,0,1,1,0,0,0,0,0,"iuu","corruption","trash_pollutin","weather",780
"2019-09-05 23:16:47","2019-09-06 00:36:14","data",5037,7,"MEX","PSC","M","own","yes",7,1,"package_chosen","no","weak","no",36,19,"edu_no_formal",0,1,0,1,1,0,0,1,1,"Buceo",1,1,0,0,1,1,1,0,"Zanahoria",0,0,0,0,1,0,0,1,0,1,0,0,0,0,"corruption","trash_pollutin","iuu","weather",1560
"2019-09-06 16:11:04","2019-09-06 16:54:22","data",5038,16,"MEX","PSC","M","share_employee","yes",8,2,"package_chosen","yes","moderate","no",19,6,"other_edu",0,1,0,1,1,1,1,0,1,"Churupera o red de arrastre gemelas. Chinchorro. Chango. Atarraya lomera",1,1,0,0,1,0,0,0,NA,0,0,0,0,1,0,0,1,0,1,0,0,0,0,"iuu","corruption","trash_pollutin","weather",624
"2019-09-06 16:56:21","2019-09-06 17:26:31","data",5039,11,"MEX","PSC","M","share_collective","yes",7,1,"package_chosen","yes","weak","no",40,22,"edu_uni",0,1,0,1,1,1,1,0,1,"0",1,1,0,0,1,1,1,0,"Zanahoria",0,0,0,0,1,0,0,1,0,1,0,0,0,0,"corruption","trash_pollutin","iuu","weather",1040
"2019-09-06 17:26:44","2019-09-06 18:07:13","data",5040,7,"MEX","PSC","M","own","yes",7,1,"package_chosen","yes","moderate","no",53,34,"other_edu",0,1,0,1,1,1,0,0,0,"0",1,1,0,0,1,1,1,0,"Zanahoria.",0,0,0,0,1,0,0,1,0,1,0,0,0,0,"corruption","trash_pollutin","iuu","weather",3120
"2019-09-06 20:10:54","2019-09-06 20:40:24","data",5041,15,"MEX","PSC","M","own","no",7,1,"package_chosen","no","moderate","no",30,23,"edu_secondary",0,0,0,0,0,0,0,0,1,"Buzo",0,0,0,0,1,0,0,0,NA,0,0,0,0,1,0,0,1,0,1,0,0,0,0,"trash_pollutin","corruption","iuu","weather",1560
"2019-09-06 23:27:04","2019-09-06 23:46:57","data",5042,5,"MEX","PSC","M","own","no",7,1,"package_chosen","yes","weak","no",27,7,"other_edu",0,0,0,0,1,1,0,1,1,"Buceo",1,1,0,0,1,0,0,0,NA,1,0,0,0,1,0,0,1,0,1,0,0,0,0,"iuu","trash_pollutin","corruption","weather",1716
"2019-09-07 00:23:02","2019-09-07 00:44:23","data",5043,13,"MEX","PSC","M","own","yes",8,1,"package_chosen","no","none","no",41,23,"edu_secondary",0,0,0,0,0,0,0,1,1,"Buceo",0,0,0,0,1,0,0,0,NA,0,0,0,0,1,0,0,1,0,1,0,0,0,0,"corruption","iuu","trash_pollutin","weather",676
"2019-09-08 18:57:37","2019-09-08 19:22:05","data",5044,13,"MEX","PSC","M","own","yes",8,2,"no_package","yes","moderate","no",52,39,"edu_primary",0,1,0,1,1,1,1,0,0,"0",1,1,0,0,1,1,1,0,"Zanahoria",0,0,0,0,1,0,0,1,0,1,0,0,0,0,"trash_pollutin","iuu","corruption","weather",780
"2019-09-09 16:47:44","2019-09-09 17:29:54","data",5045,4,"MEX","PSC","M","share_employee","yes",8,1,"package_chosen","no","weak","no",19,2,"other_edu",0,1,0,1,1,1,0,1,1,"Chinchorro chango buceo",1,1,0,0,1,1,1,0,"Zanahoria no usa",0,0,0,0,1,0,0,1,0,1,0,0,0,0,"trash_pollutin","iuu","corruption","weather",780
"2019-09-09 20:46:00","2019-09-09 21:22:20","data",5046,10,"MEX","PSC","M","share_collective","yes",8,2,"package_chosen","yes","moderate","no",20,4,"other_edu",0,0,0,0,1,1,0,0,0,"0",1,1,0,0,1,0,0,0,NA,0,0,0,0,1,0,0,0,1,1,0,0,0,0,"corruption","trash_pollutin","iuu","weather",1040
"2019-09-13 16:37:41","2019-09-13 17:00:38","data",6001,1,"MEX","ALT","M","own","yes",7,2,"package_chosen","yes","strong","yes",27,13,"other_edu",0,0,0,1,1,1,0,0,1,"Chinchorro chango",0,0,0,0,1,1,1,0,"Zanahoria. Cuadrito tracker (preguntar juandiego)",1,0,0,0,1,0,0,1,0,1,0,0,1,0,"trash_pollutin","iuu","corruption","weather",312
"2019-09-13 17:01:04","2019-09-13 17:17:20","data",6002,3,"MEX","ALT","M","own","yes",7,2,"package_chosen","yes","weak","yes",25,5,"other_edu",0,0,0,0,1,1,0,0,0,"0",1,1,0,0,1,1,1,0,"Pelagic. Zanahoria.",1,0,0,0,1,0,0,1,0,1,0,0,0,0,"trash_pollutin","iuu","corruption","weather",780
"2019-09-13 17:17:44","2019-09-13 17:37:42","data",6003,9,"MEX","ALT","M","own","yes",7,1,"package_chosen","yes","strong","no",41,15,"edu_primary",0,0,0,0,0,1,0,0,1,"Chinchorro",0,0,0,0,0,0,1,0,"Telefono",1,0,0,0,1,0,0,1,0,1,0,0,0,0,"trash_pollutin","iuu","corruption","weather",416
"2019-09-13 17:38:04","2019-09-13 17:58:29","data",6004,10,"MEX","ALT","M","own","yes",7,2,"package_chosen","yes","moderate","yes",56,36,"edu_primary",0,0,0,0,0,1,0,0,1,"Chango",1,0,0,0,0,1,1,0,"Mecate con peso para medir lo hondo. Zanahoria ya no. Pelagic",1,1,0,0,1,0,0,1,0,1,0,0,0,0,"iuu","trash_pollutin","weather","corruption",208
"2019-09-13 18:00:13","2019-09-13 18:27:42","data",6005,12,"MEX","ALT","M","own","yes",7,1,"package_chosen","yes","moderate","yes",56,44,"edu_primary",0,1,0,1,0,1,0,0,1,"Churupera chango",0,0,0,0,0,1,1,0,"Pesa de plomo profundidad. PDS.",1,1,0,0,1,0,0,1,0,1,0,0,0,0,"trash_pollutin","iuu","corruption","weather",1560
"2019-09-13 18:31:37","2019-09-13 18:52:14","data",6006,1,"MEX","ALT","M","own","yes",7,2,"no_package","yes","moderate","yes",33,10,"other_edu",0,0,0,0,0,1,0,0,0,"0",0,0,0,0,1,1,1,0,"Pds. Zanahoria ya no.",0,1,0,0,1,0,0,1,0,1,0,0,1,0,"iuu","corruption","trash_pollutin","weather",676
"2019-09-13 19:05:31","2019-09-13 19:26:18","data",6007,3,"MEX","ALT","M","own","yes",7,2,"package_chosen","yes","strong","yes",54,35,"edu_primary",0,0,0,0,0,1,0,0,0,"0",0,0,0,0,0,1,1,0,"Pds. Zanahoria",0,1,0,0,1,0,0,1,0,1,0,0,0,0,"corruption","iuu","trash_pollutin","weather",364
"2019-09-13 19:30:11","2019-09-13 19:53:31","data",6008,9,"MEX","ALT","M","share_employee","yes",7,1,"package_chosen","yes","none","yes",55,38,"edu_uni",0,0,0,0,0,1,0,0,1,"Chango",1,0,0,0,1,1,1,0,"Pesa con piola. Pds. Zanahoria",0,1,0,0,1,0,0,1,0,1,0,0,0,0,"trash_pollutin","corruption","iuu","weather",1058
"2019-09-13 19:54:02","2019-09-13 20:13:48","data",6009,10,"MEX","ALT","M","own","yes",7,2,"package_chosen","yes","moderate","yes",60,42,"edu_secondary",0,0,0,0,0,1,0,0,0,"0",0,0,0,0,0,1,1,0,"Pds. Zanahoria no instalada.",0,1,1,0,1,0,0,1,0,1,0,0,0,0,"iuu","corruption","trash_pollutin","weather",520
"2019-09-13 20:15:54","2019-09-13 21:56:48","data",6010,12,"MEX","ALT","M","own","yes",8,1,"package_chosen","yes","moderate","yes",50,35,"edu_primary",0,1,0,1,1,1,0,0,1,"Chango",1,0,0,0,1,1,1,0,"Pds. Zanahoria un tiempo",0,1,0,0,1,0,0,1,0,1,0,0,0,0,"trash_pollutin","corruption","iuu","weather",260
"2019-09-13 21:56:51","2019-09-13 22:24:15","data",6011,1,"MEX","ALT","M","own","yes",7,2,"package_chosen","yes","moderate","yes",59,40,"edu_primary",0,0,0,0,0,1,0,0,0,"0",0,0,0,0,1,1,1,0,"Pds.",0,1,0,0,1,0,0,1,0,1,0,0,0,0,"trash_pollutin","iuu","weather","corruption",416
"2019-09-14 19:24:58","2019-09-17 18:40:00","data",6012,6,"MEX","ALT","M","own","yes",22,2,"package_chosen","yes","severe","yes",61,49,"edu_primary",0,0,0,0,0,1,0,0,1,"Chango chinchoro churupera",0,0,0,0,1,1,1,0,"Pds. Zanahoria no usa pero tiene. GPS en motor.",0,1,0,0,1,0,0,1,0,1,0,0,0,0,"trash_pollutin","iuu","corruption","weather",520
"2019-09-14 20:45:39","2019-09-14 21:04:30","data",6013,11,"MEX","ALT","M","own","no",7,2,"no_package","yes","severe","yes",31,14,"edu_secondary",0,0,0,0,0,1,0,0,0,"0",0,0,0,0,1,1,1,0,"Zanahoria",0,1,0,0,1,0,0,1,0,1,0,0,0,0,"iuu","trash_pollutin","corruption","weather",312
"2019-09-14 21:05:40","2019-09-14 21:18:42","data",6014,5,"MEX","ALT","M","own","yes",8,2,"package_chosen","yes","moderate","yes",35,15,"other_edu",0,1,0,1,0,1,0,0,0,"0",0,0,0,0,1,1,1,0,"Zanahoria",0,1,0,0,1,0,0,1,0,1,0,0,0,0,"iuu","trash_pollutin","corruption","weather",416
"2019-09-14 22:26:28","2019-09-14 22:51:32","data",6015,14,"MEX","ALT","M","own","yes",7,2,"package_chosen","yes","strong","yes",58,41,"edu_secondary",0,0,0,0,0,1,0,0,0,"0",0,0,0,0,1,1,1,0,"Zanahoria no usa",0,1,0,0,1,0,0,1,0,1,0,0,0,0,"trash_pollutin","corruption","iuu","weather",676
"2019-09-14 22:52:21","2019-09-14 23:34:15","data",6016,4,"MEX","ALT","M","own","yes",7,2,"package_chosen","yes","moderate","yes",48,34,"edu_primary",0,0,0,0,0,1,0,0,0,"0",0,0,0,0,1,1,1,0,"Zanahoria no usa",0,1,0,0,1,0,0,1,0,1,0,0,0,0,"trash_pollutin","iuu","weather","corruption",208
"2019-09-14 23:46:08","2019-09-15 00:02:19","data",6017,4,"MEX","ALT","M","own","no",8,1,"no_package","yes","severe","yes",25,6,"other_edu",0,0,0,1,1,1,0,0,0,"0",0,0,0,0,0,1,1,0,"Zanahoria no usa",0,1,0,0,1,0,0,1,0,1,0,0,0,0,"iuu","corruption","weather","trash_pollutin",312
"2019-09-15 00:50:04","2019-09-15 01:09:19","data",6018,2,"MEX","ALT","M","own","no",7,1,"no_package","yes","strong","yes",35,15,"edu_secondary",0,0,0,1,0,1,0,0,0,"0",1,0,0,0,1,1,1,0,"Zanahoria",0,1,0,0,1,0,0,1,0,1,0,0,0,0,"iuu","weather","corruption","trash_pollutin",520
"2019-09-14 20:18:01","2019-09-14 20:41:55","data",6019,8,"MEX","ALT","M","own","yes",7,1,"package_chosen","yes","moderate","yes",58,44,"edu_secondary",0,0,0,0,0,1,0,0,0,"0",1,0,0,0,1,1,1,0,"Zanahoria.",0,1,0,0,1,0,0,1,0,1,0,0,0,0,"trash_pollutin","weather","iuu","corruption",832
"2019-09-17 15:05:07","2019-09-17 15:53:50","data",6020,4,"MEX","ALT","M","own","yes",7,1,"package_chosen","yes","moderate","yes",25,7,"edu_secondary",0,0,0,1,0,1,0,0,0,"0",0,0,0,0,1,1,1,0,"Zanahoria ya no usa hace 3 anos",0,1,0,0,1,0,0,1,1,1,0,0,0,0,"iuu","weather","trash_pollutin","corruption",260
"2019-09-17 15:54:17","2019-09-17 16:19:19","data",6021,5,"MEX","ALT","M","own","no",7,2,"package_chosen","yes","moderate","yes",17,3,"edu_secondary",0,0,0,1,0,1,0,0,0,"0",0,0,0,0,1,1,1,0,"Zanahoria la recogio la cooperativa",0,1,0,0,1,0,0,1,0,1,0,0,0,0,"iuu","trash_pollutin","weather","corruption",1560
"2019-09-17 16:23:17","2019-09-17 16:52:52","data",6022,8,"MEX","ALT","M","own","yes",8,2,"package_chosen","yes","weak","yes",37,29,"edu_secondary",0,0,0,1,0,1,0,0,1,"Suripera",0,0,0,0,1,1,1,0,"Gps telefono. Zanahoria uso primeros anos ya no",0,1,0,0,1,0,0,1,0,1,0,0,0,0,"trash_pollutin","iuu","corruption","weather",208
"2019-09-17 16:54:00","2019-09-17 17:24:06","data",6023,14,"MEX","ALT","M","own","yes",7,2,"package_chosen","yes","weak","yes",63,47,"edu_primary",0,0,0,0,0,1,0,0,1,"Chango",1,0,0,0,0,1,1,0,"Zanahoria la usa",0,1,0,0,1,0,0,1,0,1,0,0,0,0,"trash_pollutin","corruption","weather","iuu",416
"2019-09-17 17:24:53","2019-09-17 17:43:26","data",6024,5,"MEX","ALT","M","own","yes",7,2,"package_chosen","yes","strong","yes",58,15,"edu_primary",0,0,0,1,1,1,0,0,0,"0",0,0,0,0,1,1,1,0,"Zanahoria",0,1,0,0,1,0,0,1,0,1,0,0,0,0,"trash_pollutin","iuu","corruption","weather",234
"2019-09-17 17:45:30","2019-09-17 17:56:27","data",6025,16,"MEX","ALT","M","own","yes",8,2,"package_chosen","yes","weak","yes",50,30,"edu_secondary",0,0,0,1,0,1,0,0,0,"0",0,1,0,0,1,1,1,0,"Zanahoria no mucho",0,1,0,0,1,0,0,1,0,1,0,0,0,0,"corruption","trash_pollutin","iuu","weather",260
"2019-09-17 17:56:57","2019-09-17 18:07:38","data",6026,1,"MEX","ALT","M","own","yes",8,2,"package_chosen","yes","severe","yes",31,16,"edu_secondary",0,0,0,1,1,1,0,0,0,"0",0,1,0,0,1,1,1,0,"Zanahoria usa",0,1,0,0,1,0,0,1,0,1,0,0,0,0,"trash_pollutin","iuu","weather","corruption",1820
"2019-09-17 22:08:43","2019-09-17 23:43:12","data",6027,13,"MEX","ALT","M","own","no",7,2,"package_chosen","yes","weak","yes",51,31,"edu_vocational",0,1,0,0,0,1,0,0,1,"ChangO",0,0,0,0,1,1,1,0,"Zanahoria no se USA ya",1,0,0,0,1,0,0,1,1,1,0,0,0,0,"corruption","iuu","trash_pollutin","weather",364
"2019-09-17 23:43:25","2019-09-17 23:59:35","data",6028,11,"MEX","ALT","M","own","no",7,1,"package_chosen","yes","strong","yes",44,25,"other_edu",0,1,0,0,1,1,0,0,0,"0",0,0,0,0,1,1,0,0,NA,0,1,0,0,1,0,0,1,0,1,0,0,0,0,"trash_pollutin","iuu","weather","corruption",520
"2019-09-18 00:01:17","2019-09-18 00:25:01","data",6029,9,"MEX","ALT","M","own","yes",8,1,"package_chosen","yes","weak","yes",47,30,"edu_secondary",0,1,0,0,0,1,0,0,1,"Chango",0,1,0,0,1,1,1,0,"Zanahoria usa para afuera",0,1,0,0,1,0,0,1,0,1,0,0,0,0,"corruption","trash_pollutin","iuu","weather",3120
"2019-09-18 00:29:16","2019-09-18 00:44:22","data",6030,15,"MEX","ALT","M","share_employee","yes",8,1,"package_chosen","yes","moderate","yes",31,7,"other_edu",0,1,0,1,0,1,0,0,1,"Chango",0,0,0,0,1,1,1,0,"Zanahoria",0,1,0,0,1,0,0,1,0,1,0,0,0,0,"iuu","corruption","trash_pollutin","weather",468
"2019-09-18 00:47:31","2019-09-18 01:06:06","data",6031,8,"MEX","ALT","M","own","yes",7,2,"package_chosen","yes","strong","yes",39,20,"other_edu",0,1,0,0,0,1,0,0,1,"Chango",0,0,0,0,1,1,1,0,"Zanahoria usa",0,1,0,0,1,0,0,1,0,1,0,0,0,0,"iuu","trash_pollutin","corruption","weather",468
"2019-09-18 01:08:09","2019-09-18 01:28:28","data",6032,5,"MEX","ALT","M","own","yes",7,2,"package_chosen","yes","weak","yes",44,23,"other_edu",0,1,0,0,1,1,0,0,0,"0",0,0,0,0,1,1,1,0,"Zanahoria pa Mar abierto",0,1,0,0,1,0,0,1,0,1,0,0,0,0,"corruption","iuu","trash_pollutin","weather",468
"2019-09-18 23:16:02","2019-09-18 23:51:21","data",6033,1,"MEX","ALT","M","own","yes",8,2,"package_chosen","yes","moderate","yes",48,28,"edu_secondary",0,1,0,0,0,1,0,0,1,"Chango chinchorro",0,0,0,0,1,1,1,0,"Zanahoria si usa",0,1,0,0,1,0,0,1,0,1,0,0,0,0,"corruption","weather","iuu","trash_pollutin",623
"2019-09-19 01:28:58","2019-09-19 01:50:32","data",6034,2,"MEX","ALT","M","own","yes",8,1,"package_chosen","yes","weak","yes",45,34,"edu_secondary",0,1,0,1,1,1,1,0,1,"Chinchorro lomera suripera",0,0,0,0,1,1,1,0,"Zanahoria nunca mas dp de que fall<f3>",0,1,0,0,1,0,0,1,0,1,0,0,0,0,"trash_pollutin","iuu","corruption","weather",416
"2019-09-19 23:33:17","2019-09-19 23:53:11","data",6035,3,"MEX","ALT","M","own","no",7,2,"package_chosen","yes","weak","yes",54,33,"edu_uni",0,1,0,1,0,1,0,0,1,"Suripera",1,0,0,0,0,1,1,0,"Radio 3km.",0,1,0,0,1,0,0,1,0,1,0,0,0,0,"trash_pollutin","iuu","weather","corruption",624
"2019-09-19 23:54:27","2019-09-20 00:17:37","data",6036,5,"MEX","ALT","M","own","yes",8,2,"package_chosen","yes","weak","yes",47,31,"edu_secondary",0,1,0,0,0,1,1,0,1,"Chango.",0,1,0,0,1,1,1,0,"Zanahoria cuando sale de la bahia",0,1,0,0,1,0,0,1,0,1,0,0,0,0,"iuu","trash_pollutin","weather","corruption",416
"2019-09-20 00:21:27","2019-09-20 00:40:44","data",6037,6,"MEX","ALT","M","own","yes",6,2,"package_chosen","yes","weak","yes",58,40,"edu_primary",0,1,1,0,0,1,0,0,1,"Surupera chango",0,0,0,0,1,1,1,0,"Otro aparato que va atras",0,1,0,0,1,0,0,1,0,1,0,0,0,0,"trash_pollutin","iuu","corruption","weather",416
"2019-09-20 00:44:35","2019-09-20 01:25:08","data",6038,11,"MEX","ALT","M","own","yes",8,1,"package_chosen","yes","weak","yes",45,26,"other_edu",0,1,0,0,1,1,0,0,1,"Surupera",0,0,0,0,1,1,1,0,"Zanahoria solo mar abierto solo 1 mes del a<f1>o",0,1,0,0,1,0,0,1,0,1,0,0,0,0,"iuu","trash_pollutin","corruption","weather",780
"2019-09-21 17:13:53","2019-09-21 17:43:40","data",6039,13,"MEX","ALT","M","own","no",7,2,"no_package","yes","strong","yes",52,32,"other_edu",0,1,0,1,1,0,0,0,1,"Surupera chango chinchorro",0,0,0,0,0,1,1,0,"Zanahoria no usa",0,1,0,0,1,0,0,1,0,1,0,0,0,0,"weather","iuu","trash_pollutin","corruption",520
"2019-09-21 17:44:59","2019-09-21 18:35:02","data",6040,14,"MEX","ALT","M","share_collective","yes",8,2,"package_chosen","no","strong","yes",58,43,"edu_secondary",0,1,0,1,1,1,0,0,1,"Suripera",0,0,0,0,1,1,1,0,"Sonda piola.",0,0,0,0,0,0,1,1,0,1,0,0,0,0,"trash_pollutin","corruption","iuu","weather",156
"2019-09-21 21:04:57","2019-09-21 21:32:04","data",6041,15,"MEX","ALT","M","share_employee","yes",7,1,"package_chosen","no","moderate","yes",18,2,"other_edu",0,1,0,0,1,1,0,0,1,"Chango",0,0,0,0,1,1,1,0,"Sonda peso y mecate",0,0,0,0,1,0,0,1,0,1,0,0,0,0,"trash_pollutin","iuu","corruption","weather",364
"2019-09-12 00:01:20","2019-09-12 00:58:40","data",6042,2,"MEX","ALT","M","own","yes",8,1,"package_chosen","yes","moderate","no",59,38,"edu_primary",0,0,0,0,0,0,0,1,1,"Buceo",0,0,0,0,1,0,0,0,NA,0,0,0,0,1,0,0,0,1,1,0,0,0,0,"corruption","trash_pollutin","weather","iuu",1300
"2019-09-16 08:46:31","2019-09-18 12:32:24","data",7001,13,"IND","WKB","M","own","no",12,1,"package_chosen","yes","strong","yes",44,21,"edu_secondary",0,1,0,0,0,0,0,0,0,"Pancing tonda",0,0,0,0,0,0,0,1,NA,0,0,0,1,1,0,0,1,0,0,1,0,0,0,"iuu","weather","trash_pollutin","corruption",284
"2019-09-16 08:44:54","2019-09-16 09:22:03","data",7002,13,"IND","WKB","M","own","yes",9,2,"package_chosen","yes","weak","yes",47,30,"hs",0,1,0,0,0,0,0,0,0,"0",0,0,0,0,0,0,0,1,NA,0,0,0,1,1,0,0,1,0,0,1,0,0,0,"iuu","weather","corruption","trash_pollutin",355
"2019-09-17 00:33:57","2019-09-18 12:31:59","data",7003,11,"IND","WKB","M","own","no",12,1,"package_chosen","yes","strong","yes",47,20,"edu_secondary",0,1,0,0,0,0,0,0,0,"0",0,0,0,0,0,0,0,1,NA,0,0,0,1,1,0,0,1,0,0,1,0,0,0,"weather","iuu","trash_pollutin","corruption",320
"2019-09-17 00:33:28","2019-09-17 00:55:32","data",7004,11,"IND","WKB","M","own","no",8,1,"package_chosen","yes","weak","yes",42,32,"some_hs",0,1,1,0,0,0,0,0,0,"0",0,0,0,0,0,0,0,1,NA,1,1,1,1,1,0,0,1,1,0,1,1,0,0,"iuu","weather","trash_pollutin","corruption",71
"2019-09-17 02:15:00","2019-09-18 12:32:04","data",7005,15,"IND","WKB","M","own","no",10,1,"package_chosen","yes","strong","yes",47,19,"edu_primary",0,1,0,0,0,0,0,0,0,"Pancing gurita",0,0,0,0,0,0,0,1,NA,0,0,0,1,1,0,0,1,0,0,1,0,0,0,"iuu","weather","trash_pollutin","corruption",284
"2019-09-17 01:21:49","2019-09-17 03:07:41","data",7006,9,"IND","WKB","M","own","no",10,1,"package_chosen","no","strong","yes",37,98,"edu_primary",0,NA,NA,NA,NA,NA,NA,NA,NA,NA,0,0,0,0,0,0,0,1,NA,0,0,0,1,1,0,0,1,0,0,1,0,0,0,"iuu","weather","trash_pollutin","corruption",322
"2019-09-17 01:30:33","2019-09-17 01:48:04","data",7007,9,"IND","WKB","M","own","no",10,1,"package_chosen","yes","weak","yes",42,20,"some_hs",0,1,0,0,0,0,0,0,0,"0",0,0,0,0,0,0,0,1,NA,1,1,1,1,0,0,0,0,0,0,1,0,0,0,"iuu","weather","trash_pollutin","corruption",106
"2019-09-17 02:05:51","2019-09-17 02:20:58","data",7008,15,"IND","WKB","M","own","no",9,2,"no_package","yes","strong","yes",37,22,"no_formal",0,1,0,0,0,0,0,0,0,"0",0,0,0,0,0,0,0,1,NA,1,0,0,1,0,0,0,0,0,0,1,0,0,0,"weather","iuu","corruption","trash_pollutin",71
"2019-09-17 03:30:59","2019-09-17 03:48:10","data",7009,8,"IND","WKB","M","own","no",11,2,"package_chosen","yes","weak","yes",35,15,"no_formal",0,1,0,0,0,0,0,0,0,"0",0,0,0,0,0,0,0,1,NA,1,1,0,1,0,0,0,0,0,0,1,0,0,0,"iuu","weather","trash_pollutin","corruption",568
"2019-09-17 08:22:28","2019-09-18 12:32:17","data",7010,8,"IND","WKB","M","own","no",9,2,"package_chosen","no","strong","yes",22,15,"edu_primary",0,1,0,0,0,0,0,0,0,"Pancing umpan",0,0,0,0,1,0,0,0,NA,0,0,0,1,1,0,0,1,0,0,1,0,0,0,"weather","iuu","trash_pollutin","corruption",284
"2019-09-17 08:48:23","2019-09-18 12:32:09","data",7011,4,"IND","WKB","M","own","no",9,1,"package_chosen","no","strong","yes",34,19,"edu_primary",0,1,0,0,0,0,0,0,0,"0",0,0,0,0,1,0,0,0,NA,0,0,0,0,0,1,0,1,0,0,1,0,0,0,"iuu","weather","trash_pollutin","corruption",355
"2019-09-17 08:23:02","2019-09-17 08:43:26","data",7012,4,"IND","WKB","M","own","yes",12,1,"package_chosen","yes","weak","yes",58,48,"some_hs",0,1,0,0,0,0,0,0,0,"0",0,0,0,0,1,0,1,0,"pakai GPS",1,1,1,1,1,0,0,0,1,0,0,0,0,0,"corruption","weather","trash_pollutin","iuu",142
"2019-09-17 08:47:14","2019-09-17 09:07:07","data",7013,5,"IND","WKB","M","own","no",11,2,"package_chosen","yes","weak","yes",47,28,"hs",0,1,0,0,0,0,0,0,0,"0",0,0,0,0,0,0,0,1,NA,0,1,1,0,1,0,0,1,0,0,1,0,0,0,"weather","iuu","trash_pollutin","corruption",497
"2019-09-17 09:29:16","2019-09-17 09:46:54","data",7014,14,"IND","WKB","M","own","yes",10,2,"package_chosen","no","strong","yes",41,21,"hs",0,0,0,0,1,0,0,0,0,"0",0,0,0,0,0,0,0,1,NA,1,0,1,1,0,0,0,0,0,0,1,0,0,0,"iuu","weather","trash_pollutin","corruption",852
"2019-10-03 08:01:37","2019-10-03 08:14:55","data",8001,15,"IND","JPR","M","own","no",6,2,"package_chosen","yes","strong","no",51,30,"edu_secondary",0,1,1,0,0,0,0,0,0,"0",0,0,0,0,0,0,0,1,NA,1,0,0,1,0,0,0,0,0,0,0,0,0,1,"weather","iuu","trash_pollutin","corruption",213
"2019-10-02 09:06:26","2019-10-02 09:27:16","data",8002,14,"IND","JPR","M","own","no",6,2,"package_chosen","yes","weak","no",55,35,"edu_primary",0,1,0,0,0,0,0,0,0,"0",0,0,0,0,0,0,0,1,NA,0,0,0,1,0,0,0,0,0,0,0,0,0,1,"iuu","weather","trash_pollutin","corruption",355
"2019-10-02 09:59:50","2019-10-02 10:20:26","data",8003,16,"IND","JPR","M","own","no",11,2,"package_chosen","yes","weak","no",47,32,"edu_secondary",0,1,0,0,0,0,0,0,0,"0",0,0,0,0,0,0,0,1,NA,1,1,1,0,0,0,0,1,0,0,0,0,0,0,"weather","iuu","trash_pollutin","corruption",284
"2019-10-03 03:06:04","2019-10-03 05:43:15","data",8004,13,"IND","JPR","M","own","no",10,2,"package_chosen","no","moderate","yes",55,40,"edu_secondary",0,1,0,0,0,0,0,0,0,"0",0,0,0,0,0,0,0,1,NA,1,0,0,1,0,0,0,1,0,0,1,0,0,0,"weather","iuu","corruption","trash_pollutin",355
"2019-10-03 05:43:57","2019-10-03 05:59:01","data",8005,11,"IND","JPR","M","share_collective","no",6,1,"package_chosen","yes","weak","yes",66,36,"edu_secondary",0,1,0,0,0,0,0,0,0,"0",0,0,0,0,0,0,0,1,NA,1,0,0,1,0,0,0,0,0,0,1,0,0,0,"weather","trash_pollutin","corruption","iuu",213
"2019-10-03 06:09:44","2019-10-03 06:21:10","data",8006,9,"IND","JPR","M","own","no",11,1,"package_chosen","yes","moderate","no",58,40,"edu_secondary",0,1,0,0,0,0,0,0,0,"0",0,0,0,0,1,0,0,0,NA,0,0,0,0,0,1,0,0,0,0,0,0,0,1,"iuu","corruption","weather","trash_pollutin",142
